Bot Name,Straightness,Gyration,Up 1,Low 1
3New-02,1.870546,0.43,0.3927998,0.4152033
5_01_2021 (14),1.824452,0.55,0.23831159,-0.02679301
4-28New-10,1.674011,0.625,-0.3580757,0.1614038
4-30-2021 (58),1.768989,0.47,-0.1263956,0.6273335
4-30-2021 (3),1.799351,0.4,-0.375711,0.4796606
4/28/21,1.93735,0.32,-0.148966,-0.3638166
,,,,